seed,horizon,complete,official_score,survival_time,horizon_reached,final_population,peak_population,minimum_population,mean_population,births,deaths,predator_related_deaths,fruit_score_contribution,mean_energy,median_energy,official_reward,training_reward,environment_ticks,decision_steps,episode_wall_time
18,300.0,1,30.81120000000017,30.700000000000166,0,0,10,0,5.194805194805195,5,10,,,35.47842758104913,32.67648775613331,30.81120000000017,25.81120000000017,307,62,3.7659999999996217
20,300.0,1,30.831800000000168,30.700000000000166,0,0,10,0,4.9935064935064934,5,10,,,36.03311296293843,32.94842272091631,30.831800000000168,25.831800000000168,307,62,3.812999999998283
17,300.0,1,36.71480000000025,36.50000000000025,0,0,10,0,4.912568306010929,6,11,,,38.43268509087813,34.67983710663765,36.71480000000025,31.714800000000253,365,73,7.171999999998661
22,300.0,1,41.57100000000032,41.30000000000032,0,0,10,0,4.654589371980676,5,10,,,37.681184444594386,35.149643967082916,41.57100000000032,36.57100000000032,413,83,10.375
26,300.0,1,24.789600000000085,24.70000000000008,0,0,10,0,6.508064516129032,5,10,,,36.056784599696066,32.017151125876964,24.789600000000085,19.789600000000085,247,50,7.90599999999904
23,300.0,1,20.38120000000002,20.30000000000002,0,0,10,0,7.480392156862745,5,10,,,34.9223245353355,33.15331691896131,20.38120000000002,15.381200000000021,203,41,7.5
24,300.0,1,32.13200000000019,31.900000000000183,0,0,10,0,5.940625,6,11,,,37.01551965885428,35.5925855409515,32.13200000000019,27.13200000000019,319,64,14.014999999999418
21,300.0,1,207.05419999999265,205.29999999999262,0,0,10,0,2.289678675754625,18,23,,,44.948149480695264,42.688647052539594,207.05419999999265,202.05419999999265,2053,411,74.7029999999977
29,300.0,1,197.41139999999325,192.49999999999335,0,0,13,0,4.810488058151609,42,47,,,47.3193437605452,45.245682066941534,197.41139999999325,192.41139999999325,1925,385,72.57900000000154
28,300.0,1,219.3787999999924,211.59999999999226,0,0,15,0,6.43221539914974,56,61,,,48.57901656835915,46.19084854448165,219.3787999999924,214.3787999999924,2116,424,83.07800000000134
19,300.0,1,297.4212361669502,299.9999999999997,1,5,34,1,7.232922359213595,122,122,,,49.43143283334296,47.38472829769846,297.4212361669502,302.4212361669502,3000,600,116.82800000000134
34,300.0,1,71.24380000000022,70.20000000000029,0,0,10,0,4.871977240398293,9,14,,,43.72685796699697,42.57548719430152,71.24380000000022,66.24380000000022,702,141,30.09400000000096
32,300.0,1,292.06354829067664,276.79999999999444,0,0,35,0,9.091368725171542,120,125,,,45.44925257310331,42.27511904252661,292.06354829067664,287.06354829067664,2768,554,117.14099999999962
25,300.0,1,43.048200000000335,42.70000000000034,0,0,10,0,4.817757009345795,6,11,,,38.11698649847256,35.94139649411656,43.048200000000335,38.048200000000335,427,86,20.79699999999866
30,300.0,1,321.9665887211831,299.9999999999997,1,14,50,4,16.255914695101634,219,210,,,47.27480664307797,46.02955406545442,321.9665887211831,326.9665887211831,3000,600,127.61000000000058
40,300.0,1,43.350053744051664,44.000000000000355,0,0,10,0,5.081632653061225,8,13,,,43.72141214547608,40.88654583451286,43.350053744051664,38.350053744051664,440,88,23.5
38,300.0,1,41.888000000000325,41.60000000000032,0,0,10,0,4.817745803357314,5,10,,,35.42752213136006,33.40679033825902,41.888000000000325,36.888000000000325,416,84,23.15599999999904
31,300.0,1,36.71560000000025,36.50000000000025,0,0,10,0,5.14207650273224,5,10,,,38.386909344233196,37.09304739131818,36.71560000000025,31.71560000000025,365,73,21.0470000000023
27,300.0,1,308.4832801708495,299.9999999999997,1,6,49,1,14.179606797734088,198,197,,,49.638329130986556,48.26125704689763,308.4832801708495,313.4832801708495,3000,600,142.76599999999962
35,300.0,1,295.63635243310216,299.9999999999997,1,13,33,3,12.488503832055981,180,172,,,51.548342891584056,51.53759308359739,295.63635243310216,300.63635243310216,3000,600,148.93800000000192
36,300.0,1,201.56739999999354,190.59999999999346,0,0,25,0,10.846355532249607,91,96,,,45.85960654659279,44.618980514236725,201.56739999999354,196.56739999999354,1906,382,94.81300000000192
41,300.0,1,24.093600000000077,24.00000000000007,0,0,10,0,6.087136929460581,5,10,,,36.57781745232597,32.1861419555718,24.093600000000077,19.093600000000077,240,48,8.170999999998457
42,300.0,1,26.298800000000107,26.200000000000102,0,0,10,0,6.083650190114068,5,10,,,37.7778254971044,35.954825664251885,26.298800000000107,21.298800000000107,262,53,8.7970000000023
47,300.0,1,23.306800000000063,23.20000000000006,0,0,10,0,6.918454935622318,5,10,,,37.058511671009455,33.33434707124092,23.306800000000063,18.306800000000063,232,47,9.125
33,300.0,1,105.43519999999833,103.99999999999837,0,0,10,0,4.062439961575408,10,15,,,45.377601187722355,42.96357035478068,105.43519999999833,100.43519999999833,1040,208,49.67199999999866
53,300.0,1,27.675000000000125,27.600000000000122,0,0,9,0,5.054151624548736,5,10,,,37.31417148664529,33.64156318956768,27.675000000000125,22.675000000000125,276,56,9.343999999997322
46,300.0,1,314.66252766578805,299.4999999999996,0,0,47,0,15.297062750333778,215,220,,,48.26126712390615,47.01099438569801,314.66252766578805,309.66252766578805,2995,599,132.96900000000096
44,300.0,1,311.83405811261696,299.9999999999997,1,7,43,5,16.334555148283904,215,213,,,47.95587903528276,47.1068400359953,311.83405811261696,316.83405811261696,3000,600,132.64099999999962
59,300.0,1,51.639400000000464,50.90000000000045,0,0,10,0,5.3,10,15,,,41.82320613131904,40.55713671499742,51.639400000000464,46.639400000000464,509,102,17.15599999999904
37,300.0,1,315.79564501175423,299.9999999999997,1,1,48,1,13.595801399533489,194,198,,,48.84766238474267,48.72295870868574,315.79564501175423,320.79564501175423,3000,600,135.25
65,300.0,1,21.78700000000004,21.70000000000004,0,0,10,0,7.009174311926605,5,10,,,33.445346637462414,28.903878893864096,21.78700000000004,16.78700000000004,217,44,8.375
52,300.0,1,35.30680000000023,35.20000000000023,0,0,10,0,4.104815864022663,6,11,,,38.90301063332936,37.22015931017927,35.30680000000023,30.30680000000023,352,71,19.764999999999418
39,300.0,1,129.73882559173515,128.299999999997,0,0,10,0,4.276479750778816,23,28,,,46.81191637499089,45.741050297637706,129.73882559173515,124.73882559173515,1283,257,50.29699999999866
71,300.0,1,62.55360000000062,61.80000000000061,0,0,11,0,4.447495961227787,10,15,,,44.471275619856335,43.24096494144855,62.55360000000062,57.55360000000062,618,124,21.4529999999977
45,300.0,1,24.577600000000082,24.500000000000078,0,0,10,0,6.178861788617886,5,10,,,35.214163299700694,31.37168679603389,24.577600000000082,19.577600000000082,245,49,8.53099999999904
77,300.0,1,29.259800000000148,29.100000000000144,0,0,10,0,5.739726027397261,5,10,,,40.03685047475737,36.65259519472855,29.259800000000148,24.259800000000148,291,59,11.4529999999977
51,300.0,1,27.41760000000012,27.300000000000118,0,0,10,0,6.1678832116788325,5,10,,,34.81942033322771,32.84340181696706,27.41760000000012,22.41760000000012,273,55,10.860000000000582
57,300.0,1,60.83200000000059,60.200000000000585,0,0,10,0,3.8623548922056385,9,14,,,43.18110654324208,38.92004958568962,60.83200000000059,55.83200000000059,602,121,22.43699999999808
48,300.0,1,313.63808808577573,299.9999999999997,1,5,24,1,11.711096301232923,172,172,,,50.3589768612873,49.42931985950414,313.63808808577573,318.63808808577573,3000,600,123.48500000000058
63,300.0,1,38.498000000000275,38.300000000000274,0,0,10,0,4.494791666666667,5,10,,,36.59064498652706,33.931855150985086,38.498000000000275,33.498000000000275,383,77,12.625
83,300.0,1,118.76976576791505,117.99999999999757,0,0,10,0,3.2633361558001694,13,18,,,48.82320118337044,47.32089780014414,118.76976576791505,113.76976576791505,1180,236,46.89099999999962
69,300.0,1,22.056400000000046,22.000000000000043,0,0,10,0,6.6923076923076925,5,10,,,36.16972316913738,35.096761205607734,22.056400000000046,17.056400000000046,220,44,6.890999999999622
89,300.0,1,33.1054000000002,32.9000000000002,0,0,10,0,5.493939393939394,5,10,,,38.97294068796327,35.97131927070152,33.1054000000002,28.105400000000202,329,66,9.3279999999977
95,300.0,1,26.37100000000011,26.300000000000104,0,0,10,0,5.6893939393939394,5,10,,,35.438751101586995,33.057280098996785,26.37100000000011,21.37100000000011,263,53,6.390999999999622
50,300.0,1,315.35552169766885,299.9999999999997,1,1,34,1,10.801732755748084,149,153,,,47.19594741913772,44.7584212432415,315.35552169766885,320.35552169766885,3000,600,125.125
43,300.0,1,303.8888068173186,299.9999999999997,1,1,25,1,10.324225258247251,135,139,,,50.656550090187096,50.854022716791214,303.8888068173186,308.8888068173186,3000,600,123.03099999999904
75,300.0,1,70.83360000000025,70.10000000000029,0,0,10,0,3.53988603988604,10,15,,,41.81232747354177,38.49532927192189,70.83360000000025,65.83360000000025,701,141,27.889999999999418
58,300.0,1,305.5525975188149,299.9999999999997,1,5,12,1,4.168943685438188,58,58,,,49.49739437482409,48.870149245971135,305.5525975188149,310.5525975188149,3000,600,122.46900000000096
81,300.0,1,30.04000000000016,29.900000000000155,0,0,10,0,5.04,5,10,,,37.325916547692295,33.967315268078394,30.04000000000016,25.04000000000016,299,60,8.687000000001717
56,300.0,1,48.76320000000042,48.50000000000042,0,0,10,0,3.654320987654321,7,12,,,38.747552763872946,35.029997222485775,48.76320000000042,43.76320000000042,485,97,20.562999999998283
64,300.0,1,21.085200000000032,21.00000000000003,0,0,10,0,6.9052132701421804,5,10,,,33.2500973589581,31.663964877605917,21.085200000000032,16.085200000000032,210,42,8.328000000001339
87,300.0,1,31.534800000000182,31.400000000000176,0,0,10,0,4.942857142857143,5,10,,,40.481168049085376,35.34160202238629,31.534800000000182,26.534800000000182,314,63,11.25
62,300.0,1,30.50820000000017,30.30000000000016,0,0,10,0,4.980263157894737,6,11,,,41.67552024104663,36.83987648647337,30.50820000000017,25.50820000000017,303,61,12.64100000000326
70,300.0,1,37.585000000000264,37.20000000000026,0,0,10,0,5.378016085790884,6,11,,,40.68914540369443,38.510709534312596,37.585000000000264,32.585000000000264,372,75,14.90599999999904
68,300.0,1,67.63920000000044,67.00000000000047,0,0,10,0,3.970193740685544,9,14,,,37.763978252516004,35.9326695342331,67.63920000000044,62.63920000000044,670,134,25.610000000000582
54,300.0,1,288.1241308251093,269.79999999999285,0,0,37,0,13.777695442756576,191,196,,,49.33652433341335,47.675729015053136,288.1241308251093,283.1241308251093,2698,540,115.35900000000038
60,300.0,1,41.60500000000032,41.30000000000032,0,0,9,0,4.594202898550725,5,10,,,44.087249780322544,37.36389613419262,41.60500000000032,36.60500000000032,413,83,22.562999999998283
66,300.0,1,28.09140000000013,27.800000000000125,0,0,11,0,6.168458781362007,7,12,,,39.00114644511998,34.62001789776929,28.09140000000013,23.09140000000013,278,56,14.81300000000192
101,300.0,1,313.10060000000306,299.9999999999997,1,12,21,1,9.36321226257914,112,105,,,45.73741143394084,44.13475811969438,313.10060000000306,318.10060000000306,3000,600,148.03200000000288
49,300.0,1,303.06991554128945,289.2999999999973,0,0,38,0,11.193158258465791,165,170,,,46.02179701680523,43.76939713735757,303.06991554128945,298.06991554128945,2893,579,141.63999999999942
107,300.0,1,27.668200000000127,27.600000000000122,0,0,10,0,5.458483754512636,5,10,,,38.29888006432113,34.29230739026734,27.668200000000127,22.668200000000127,276,56,9.46900000000096
93,300.0,1,311.8857825759621,299.9999999999997,1,3,34,1,11.153282239253581,118,120,,,47.31825248626515,47.447953107895515,311.8857825759621,316.8857825759621,3000,600,141.78099999999904
76,300.0,1,323.29822872726464,299.9999999999997,1,10,39,2,17.227590803065645,227,222,,,48.73866509922638,47.75974673913662,323.29822872726464,328.29822872726464,3000,600,141.90599999999904
99,300.0,1,27.92360000000013,27.600000000000122,0,0,10,0,7.501805054151625,5,10,,,43.147947107021224,42.52214057052065,27.92360000000013,22.92360000000013,276,56,13.625
113,300.0,1,79.74479999999974,78.89999999999979,0,0,9,0,3.670886075949367,9,14,,,47.41355824113209,46.005454405066665,79.74479999999974,74.74479999999974,789,158,36.875
72,300.0,1,157.84888626246536,155.39999999999546,0,0,18,0,7.223151125401929,43,48,,,50.2190215766148,49.470193743725815,157.84888626246536,152.84888626246536,1554,311,73.95400000000154
78,300.0,1,35.22200000000023,35.00000000000023,0,0,10,0,5.042735042735043,5,10,,,38.89664226169403,36.390043184264755,35.22200000000023,30.22200000000023,350,70,11.53099999999904
74,300.0,1,297.19949388572155,289.19999999999726,0,0,19,0,5.44141030072589,78,83,,,46.06832333098342,43.83971524028444,297.19949388572155,292.19949388572155,2892,579,145.0
119,300.0,1,39.8897072881109,39.700000000000294,0,0,10,0,4.748743718592965,6,11,,,39.71342971928401,36.11566557743866,39.8897072881109,34.8897072881109,397,80,19.14100000000326
80,300.0,1,51.568800000000465,50.90000000000045,0,0,10,0,5.1156862745098035,8,13,,,45.27274600017693,43.254481065989104,51.568800000000465,46.568800000000465,509,102,16.860000000000582
125,300.0,1,47.913000000000416,47.600000000000406,0,0,10,0,4.037735849056604,6,11,,,38.69466984823327,33.084206303182995,47.913000000000416,42.913000000000416,476,96,15.39100000000326
82,300.0,1,126.47599999999717,123.99999999999723,0,0,11,0,4.324738114423852,24,29,,,45.60061958691778,40.45297400347466,126.47599999999717,121.47599999999717,1240,248,57.68699999999808
88,300.0,1,45.45940000000038,45.10000000000037,0,0,10,0,4.484513274336283,5,10,,,43.41495629649919,40.44990335088018,45.45940000000038,40.45940000000038,451,91,10.0
86,300.0,1,76.18919999999996,75.69999999999997,0,0,10,0,3.2519788918205803,6,11,,,47.80481233857411,48.55194026885106,76.18919999999996,71.18919999999996,757,152,29.235000000000582
94,300.0,1,19.891800000000014,19.80000000000001,0,0,10,0,7.306532663316583,5,10,,,35.97500976279409,30.431545282071987,19.891800000000014,14.891800000000014,198,40,12.21900000000096
55,300.0,1,314.5003583718472,299.9999999999997,1,14,37,3,15.027990669776742,233,224,,,51.21063307649266,50.1548462933765,314.5003583718472,319.5003583718472,3000,600,136.81200000000172
84,300.0,1,170.31530451068514,167.89999999999475,0,0,10,0,3.545238095238095,19,24,,,46.03783168613805,44.89222747400504,170.31530451068514,165.31530451068514,1679,336,76.11000000000058
131,300.0,1,133.4608768402773,130.89999999999685,0,0,16,0,5.412977099236641,28,33,,,47.62913152673998,46.617628998228575,133.4608768402773,128.4608768402773,1309,262,59.98400000000038
137,300.0,1,54.43440000000051,54.1000000000005,0,0,10,0,4.169741697416974,5,10,,,37.79590631524732,33.95571954202682,54.43440000000051,49.43440000000051,541,109,18.1720000000023
105,300.0,1,330.98100000000693,299.9999999999997,1,16,44,3,20.396201266244585,247,236,,,47.556971932959705,46.38992369323357,330.98100000000693,335.98100000000693,3000,600,139.25
100,300.0,1,130.79782961948726,129.19999999999695,0,0,10,0,2.8081979891724673,20,25,,,50.72485017144169,45.33431569229434,130.79782961948726,125.79782961948726,1292,259,63.4529999999977
92,300.0,1,236.9565999999912,229.89999999999122,0,0,12,0,6.193478260869565,52,57,,,47.3781345115115,46.735360930268186,236.9565999999912,231.9565999999912,2299,460,118.2029999999977
106,300.0,1,140.1637999999964,137.99999999999645,0,0,10,0,3.9232440260680668,17,22,,,45.886350634913036,45.72729280039991,140.1637999999964,135.1637999999964,1380,276,64.73400000000038
61,300.0,1,323.26724399813224,299.9999999999997,1,19,35,3,15.58813728757081,203,189,,,50.64432887282174,51.91747361144881,323.26724399813224,328.26724399813224,3000,600,154.79699999999866
90,300.0,1,320.7380000000044,299.9999999999997,1,5,33,2,14.124958347217595,168,168,,,45.4106615715444,43.436426237764586,320.7380000000044,325.7380000000044,3000,600,157.18799999999828
67,300.0,1,28.10000000000013,28.10000000000013,0,0,10,0,5.6453900709219855,5,10,,,34.56174920712317,30.88244918724935,28.10000000000013,23.10000000000013,281,57,14.96900000000096
143,300.0,1,308.08324195582867,299.9999999999997,1,3,24,1,8.46151282905698,101,103,,,48.88257755040273,48.71238056705722,308.08324195582867,313.08324195582867,3000,600,170.67199999999866
111,300.0,1,329.78977354523204,299.9999999999997,1,27,45,4,20.03132289236921,266,244,,,47.429338723016336,46.12022747068953,329.78977354523204,334.78977354523204,3000,600,174.25
98,300.0,1,315.024269307174,299.9999999999997,1,6,57,3,17.180273242252582,205,204,,,47.6563399050782,46.97369182255982,315.024269307174,320.024269307174,3000,600,185.5
112,300.0,1,328.6425711794159,299.9999999999997,1,6,38,2,17.639453515494836,217,216,,,48.26110841844022,47.91332406054497,328.6425711794159,333.6425711794159,3000,600,192.96900000000096
96,300.0,1,317.2228286228393,299.9999999999997,1,10,46,2,15.08330556481173,204,199,,,46.40091622472841,45.04597713947295,317.2228286228393,322.2228286228393,3000,600,177.2970000000023
73,300.0,1,314.65463960107195,299.9999999999997,1,6,51,3,17.80006664445185,226,225,,,47.723966162470134,46.70516917310865,314.65463960107195,319.65463960107195,3000,600,179.84400000000096
79,300.0,1,24.809400000000085,24.70000000000008,0,0,10,0,6.451612903225806,6,11,,,37.243241964199576,34.012919994386166,24.809400000000085,19.809400000000085,247,50,10.9220000000023
149,300.0,1,315.51753433664487,299.9999999999997,1,24,40,1,17.528157280906363,201,182,,,47.39964730785005,46.70585827411285,315.51753433664487,320.51753433664487,3000,600,176.23399999999674
117,300.0,1,327.9964014769377,299.9999999999997,1,16,42,4,18.590803065644785,248,237,,,47.157498969590065,45.382972273772985,327.9964014769377,332.9964014769377,3000,600,170.4220000000023
104,300.0,1,304.0473039859149,299.9999999999997,1,7,36,2,11.590803065644785,159,157,,,49.72323168040345,50.02220861044529,304.0473039859149,309.0473039859149,3000,600,150.39099999999962
110,300.0,1,19.922400000000017,19.900000000000013,0,0,10,0,7.015,5,10,,,35.82872492652984,33.32939068159439,19.922400000000017,14.922400000000017,199,40,13.625
118,300.0,1,313.90286469400564,299.9999999999997,1,18,39,5,15.373542152615794,203,190,,,51.79476256564395,53.163488239678394,313.90286469400564,318.90286469400564,3000,600,158.96800000000076
124,300.0,1,33.59800000000021,33.400000000000205,0,0,10,0,5.367164179104478,6,11,,,36.83207529156799,33.94269538905587,33.59800000000021,28.598000000000212,334,67,20.8279999999977
